Activities,Max,Mean,Median,Min,P25,P75,P90,SD,n
Spr 25 CoT Form A1,02:23:40,00:31:11.111111111,00:26:16,00:02:17,00:08:20.750000,00:37:59,01:10:23.500000,00:30:55.257098514,36
Spr 25 CoT Form A1r,01:50:54,00:34:43.678571428,00:36:34.500000,00:05:59,00:15:37.500000,00:46:20.750000,00:55:55.600000,00:22:43.398532903,28
Spr 25 CoT Form B1,03:49:04,00:28:48.431818181,00:22:58,00:05:26,00:09:25.750000,00:39:16.250000,00:42:15.600000,00:34:06.999226295,44
Spr 25 CoT Form B1r,04:20:19,00:32:47.175000,00:24:46,00:03:50,00:06:49.250000,00:38:43,01:03:11.100000,00:42:26.881732301,40
